{"cameraMode":{"drawMode":0,"name":"Shaded","section":"Shading Mode"},"sceneLighting":true,"audioPlay":false,"sceneViewState":{"m_AlwaysRefresh":false,"showFog":true,"showSkybox":true,"showFlares":true,"showImageEffects":true,"showParticleSystems":true,"showVisualEffectGraphs":true,"m_FxEnabled":true},"in2DMode":false,"pivot":{"x":-0.30155104398727419,"y":-1.2947160005569459,"z":-1.8510141372680665},"rotation":{"x":0.0004513714520726353,"y":-0.9920380115509033,"z":0.12597471475601197,"w":0.0035781506448984148},"size":3.5166988372802736,"orthographic":false}