{"cameraMode":{"drawMode":0,"name":"Shaded","section":"Shading Mode"},"sceneLighting":true,"audioPlay":false,"sceneViewState":{"m_AlwaysRefresh":false,"showFog":true,"showSkybox":true,"showFlares":true,"showImageEffects":true,"showParticleSystems":true,"showVisualEffectGraphs":true,"m_FxEnabled":true},"in2DMode":false,"pivot":{"x":1690.5174560546875,"y":1241.881591796875,"z":-60.552490234375},"rotation":{"x":-0.030304353684186937,"y":0.008094585500657559,"z":-0.0002461340045556426,"w":-0.9995126724243164},"size":1075.994873046875,"orthographic":false}