{"cameraMode":{"drawMode":0,"name":"Shaded","section":"Shading Mode"},"sceneLighting":true,"audioPlay":false,"sceneViewState":{"m_AlwaysRefresh":false,"showFog":true,"showSkybox":true,"showFlares":true,"showImageEffects":true,"showParticleSystems":true,"showVisualEffectGraphs":true,"m_FxEnabled":true},"in2DMode":false,"pivot":{"x":-11.960536003112793,"y":2.3246254920959474,"z":-30.904369354248048},"rotation":{"x":0.21046866476535798,"y":-0.14601340889930726,"z":0.03180921822786331,"w":0.9661107659339905},"size":0.06350016593933106,"orthographic":false}