{"cameraMode":{"drawMode":0,"name":"Shaded","section":"Shading Mode"},"sceneLighting":true,"audioPlay":false,"sceneViewState":{"m_AlwaysRefresh":false,"showFog":true,"showSkybox":true,"showFlares":true,"showImageEffects":true,"showParticleSystems":true,"showVisualEffectGraphs":true,"m_FxEnabled":true},"in2DMode":false,"pivot":{"x":7.907118320465088,"y":51.67045593261719,"z":-30.211708068847658},"rotation":{"x":0.07971689105033875,"y":-0.014642519876360894,"z":0.0011754818260669709,"w":0.9967148303985596},"size":21.974308013916017,"orthographic":false}