{"cameraMode":{"drawMode":0,"name":"Shaded","section":"Shading Mode"},"sceneLighting":true,"audioPlay":false,"sceneViewState":{"m_AlwaysRefresh":false,"showFog":true,"showSkybox":true,"showFlares":true,"showImageEffects":true,"showParticleSystems":true,"showVisualEffectGraphs":true,"m_FxEnabled":true},"in2DMode":false,"pivot":{"x":2.1504626274108888,"y":1.6507385969161988,"z":5.181612014770508},"rotation":{"x":0.001792860683053732,"y":0.13935589790344239,"z":-0.00024795797071419656,"w":0.9902462363243103},"size":5.38628625869751,"orthographic":false}